,id,pop,subpop,region,country,continent,latitude,longitude,TempM,TempR,Prec
1,AP_12,AP,AP,PNW,USA,NAM,45.80877,-121.27622,9.654271126,31.7385006,633
2,AP_14,AP,AP,PNW,USA,NAM,45.80877,-121.27622,9.654271126,31.7385006,633
3,AP_2,AP,AP,PNW,USA,NAM,45.80877,-121.27622,9.654271126,31.7385006,633
4,AP_7,AP,AP,PNW,USA,NAM,45.80877,-121.27622,9.654271126,31.7385006,633
5,AP_9,AP,AP,PNW,USA,NAM,45.80877,-121.27622,9.654271126,31.7385006,633
6,BJ_1,BJ,BJ,PNW,USA,NAM,48.789608,-122.463926,9.664972305,22.83358765,1217
7,BJ_12,BJ,BJ,PNW,USA,NAM,48.789608,-122.463926,9.664972305,22.83358765,1217
8,BJ_16,BJ,BJ,PNW,USA,NAM,48.789608,-122.463926,9.664972305,22.83358765,1217
9,BJ_17,BJ,BJ,PNW,USA,NAM,48.789608,-122.463926,9.664972305,22.83358765,1217
10,BJ_5,BJ,BJ,PNW,USA,NAM,48.789608,-122.463926,9.664972305,22.83358765,1217
11,BJ_8,BJ,BJ,PNW,USA,NAM,48.789608,-122.463926,9.664972305,22.83358765,1217
12,CB_1,CB,CB,NE,USA,NAM,42.71138,-74.31467,7.337291718,38.61100006,1034
13,CB_10,CB,CB,NE,USA,NAM,42.71138,-74.31467,7.337291718,38.61100006,1034
14,CB_11,CB,CB,NE,USA,NAM,42.71138,-74.31467,7.337291718,38.61100006,1034
15,CB_12,CB,CB,NE,USA,NAM,42.71138,-74.31467,7.337291718,38.61100006,1034
16,CB_13,CB,CB,NE,USA,NAM,42.71138,-74.31467,7.337291718,38.61100006,1034
17,CB_14,CB,CB,NE,USA,NAM,42.71138,-74.31467,7.337291718,38.61100006,1034
18,CB_15,CB,CB,NE,USA,NAM,42.71138,-74.31467,7.337291718,38.61100006,1034
19,CB_16,CB,CB,NE,USA,NAM,42.71138,-74.31467,7.337291718,38.61100006,1034
20,CB_17,CB,CB,NE,USA,NAM,42.71138,-74.31467,7.337291718,38.61100006,1034
21,CB_18,CB,CB,NE,USA,NAM,42.71138,-74.31467,7.337291718,38.61100006,1034
22,CB_19,CB,CB,NE,USA,NAM,42.71138,-74.31467,7.337291718,38.61100006,1034
23,CB_20,CB,CB,NE,USA,NAM,42.71138,-74.31467,7.337291718,38.61100006,1034
24,CB_3,CB,CB,NE,USA,NAM,42.71138,-74.31467,7.337291718,38.61100006,1034
25,CB_5,CB,CB,NE,USA,NAM,42.71138,-74.31467,7.337291718,38.61100006,1034
26,CB_6,CB,CB,NE,USA,NAM,42.71138,-74.31467,7.337291718,38.61100006,1034
27,CB_7,CB,CB,NE,USA,NAM,42.71138,-74.31467,7.337291718,38.61100006,1034
28,CB_8,CB,CB,NE,USA,NAM,42.71138,-74.31467,7.337291718,38.61100006,1034
29,CB_9,CB,CB,NE,USA,NAM,42.71138,-74.31467,7.337291718,38.61100006,1034
30,CG_11,CG,CG,PNW,USA,NAM,43.677565,-123.073732,11.00847912,26.99374962,1429
31,CG_12,CG,CG,PNW,USA,NAM,43.677565,-123.073732,11.00847912,26.99374962,1429
32,CG_14,CG,CG,PNW,USA,NAM,43.677565,-123.073732,11.00847912,26.99374962,1429
33,CG_17,CG,CG,PNW,USA,NAM,43.677565,-123.073732,11.00847912,26.99374962,1429
34,CH_1,CH,CH,NE,USA,NAM,44.59865,-73.17804,7.307374954,39.40874863,819
35,CH_10,CH,CH,NE,USA,NAM,44.59865,-73.17804,7.307374954,39.40874863,819
36,CH_11,CH,CH,NE,USA,NAM,44.59865,-73.17804,7.307374954,39.40874863,819
37,CH_12,CH,CH,NE,USA,NAM,44.59865,-73.17804,7.307374954,39.40874863,819
38,CH_12_1,CH,CH,NE,USA,NAM,44.59865,-73.17804,7.307374954,39.40874863,819
39,CH_12_4,CH,CH,NE,USA,NAM,44.59865,-73.17804,7.307374954,39.40874863,819
40,CH_13,CH,CH,NE,USA,NAM,44.59865,-73.17804,7.307374954,39.40874863,819
41,CH_15,CH,CH,NE,USA,NAM,44.59865,-73.17804,7.307374954,39.40874863,819
42,CH_16,CH,CH,NE,USA,NAM,44.59865,-73.17804,7.307374954,39.40874863,819
43,CH_17,CH,CH,NE,USA,NAM,44.59865,-73.17804,7.307374954,39.40874863,819
44,CH_17B,CH,CH,NE,USA,NAM,44.59865,-73.17804,7.307374954,39.40874863,819
45,CH_3,CH,CH,NE,USA,NAM,44.59865,-73.17804,7.307374954,39.40874863,819
46,CH_4,CH,CH,NE,USA,NAM,44.59865,-73.17804,7.307374954,39.40874863,819
47,CH_6,CH,CH,NE,USA,NAM,44.59865,-73.17804,7.307374954,39.40874863,819
48,CH_7,CH,CH,NE,USA,NAM,44.59865,-73.17804,7.307374954,39.40874863,819
49,CH_8,CH,CH,NE,USA,NAM,44.59865,-73.17804,7.307374954,39.40874863,819
50,CH_9,CH,CH,NE,USA,NAM,44.59865,-73.17804,7.307374954,39.40874863,819
51,CO_1,CO,CO,NE,USA,NAM,42.67663,-74.42293,7.239562511,38.45449829,1034
52,CO_10,CO,CO,NE,USA,NAM,42.67663,-74.42293,7.239562511,38.45449829,1034
53,CO_11,CO,CO,NE,USA,NAM,42.67663,-74.42293,7.239562511,38.45449829,1034
54,CO_12,CO,CO,NE,USA,NAM,42.67663,-74.42293,7.239562511,38.45449829,1034
55,CO_13,CO,CO,NE,USA,NAM,42.67663,-74.42293,7.239562511,38.45449829,1034
56,CO_14,CO,CO,NE,USA,NAM,42.67663,-74.42293,7.239562511,38.45449829,1034
57,CO_15,CO,CO,NE,USA,NAM,42.67663,-74.42293,7.239562511,38.45449829,1034
58,CO_16,CO,CO,NE,USA,NAM,42.67663,-74.42293,7.239562511,38.45449829,1034
59,CO_17,CO,CO,NE,USA,NAM,42.67663,-74.42293,7.239562511,38.45449829,1034
60,CO_18,CO,CO,NE,USA,NAM,42.67663,-74.42293,7.239562511,38.45449829,1034
61,CO_19,CO,CO,NE,USA,NAM,42.67663,-74.42293,7.239562511,38.45449829,1034
62,CO_2,CO,CO,NE,USA,NAM,42.67663,-74.42293,7.239562511,38.45449829,1034
63,CO_20,CO,CO,NE,USA,NAM,42.67663,-74.42293,7.239562511,38.45449829,1034
64,CO_3,CO,CO,NE,USA,NAM,42.67663,-74.42293,7.239562511,38.45449829,1034
65,CO_4,CO,CO,NE,USA,NAM,42.67663,-74.42293,7.239562511,38.45449829,1034
66,CO_5,CO,CO,NE,USA,NAM,42.67663,-74.42293,7.239562511,38.45449829,1034
67,CO_6,CO,CO,NE,USA,NAM,42.67663,-74.42293,7.239562511,38.45449829,1034
68,CO_7,CO,CO,NE,USA,NAM,42.67663,-74.42293,7.239562511,38.45449829,1034
69,CO_8,CO,CO,NE,USA,NAM,42.67663,-74.42293,7.239562511,38.45449829,1034
70,CO_9,CO,CO,NE,USA,NAM,42.67663,-74.42293,7.239562511,38.45449829,1034
71,DF_1,DF,DF,NE,USA,NAM,43.93722,-73.30215,7.437572956,40.77499771,903
72,DF_10,DF,DF,NE,USA,NAM,43.93722,-73.30215,7.437572956,40.77499771,903
73,DF_11,DF,DF,NE,USA,NAM,43.93722,-73.30215,7.437572956,40.77499771,903
74,DF_12,DF,DF,NE,USA,NAM,43.93722,-73.30215,7.437572956,40.77499771,903
75,DF_13,DF,DF,NE,USA,NAM,43.93722,-73.30215,7.437572956,40.77499771,903
76,DF_14,DF,DF,NE,USA,NAM,43.93722,-73.30215,7.437572956,40.77499771,903
77,DF_15,DF,DF,NE,USA,NAM,43.93722,-73.30215,7.437572956,40.77499771,903
78,DF_16,DF,DF,NE,USA,NAM,43.93722,-73.30215,7.437572956,40.77499771,903
79,DF_2,DF,DF,NE,USA,NAM,43.93722,-73.30215,7.437572956,40.77499771,903
80,DF_22,DF,DF,NE,USA,NAM,43.93722,-73.30215,7.437572956,40.77499771,903
81,DF_23,DF,DF,NE,USA,NAM,43.93722,-73.30215,7.437572956,40.77499771,903
82,DF_25,DF,DF,NE,USA,NAM,43.93722,-73.30215,7.437572956,40.77499771,903
83,DF_27,DF,DF,NE,USA,NAM,43.93722,-73.30215,7.437572956,40.77499771,903
84,DF_29,DF,DF,NE,USA,NAM,43.93722,-73.30215,7.437572956,40.77499771,903
85,DF_30,DF,DF,NE,USA,NAM,43.93722,-73.30215,7.437572956,40.77499771,903
86,DF_31,DF,DF,NE,USA,NAM,43.93722,-73.30215,7.437572956,40.77499771,903
87,DF_5,DF,DF,NE,USA,NAM,43.93722,-73.30215,7.437572956,40.77499771,903
88,DF_7,DF,DF,NE,USA,NAM,43.93722,-73.30215,7.437572956,40.77499771,903
89,DR_1,DR,DR,PNW,USA,NAM,43.655301,-123.333033,11.61244774,27.55624962,1353
90,DR_11,DR,DR,PNW,USA,NAM,43.655301,-123.333033,11.61244774,27.55624962,1353
91,DR_2,DR,DR,PNW,USA,NAM,43.655301,-123.333033,11.61244774,27.55624962,1353
92,DR_3,DR,DR,PNW,USA,NAM,43.655301,-123.333033,11.61244774,27.55624962,1353
93,DR_4,DR,DR,PNW,USA,NAM,43.655301,-123.333033,11.61244774,27.55624962,1353
94,DR_5,DR,DR,PNW,USA,NAM,43.655301,-123.333033,11.61244774,27.55624962,1353
95,DR_6,DR,DR,PNW,USA,NAM,43.655301,-123.333033,11.61244774,27.55624962,1353
96,FC_1,FC,FC,NE,USA,NAM,44.10018,-73.28369,7.397510529,40.82175064,895
97,FC_10,FC,FC,NE,USA,NAM,44.10018,-73.28369,7.397510529,40.82175064,895
98,FC_11,FC,FC,NE,USA,NAM,44.10018,-73.28369,7.397510529,40.82175064,895
99,FC_14,FC,FC,NE,USA,NAM,44.10018,-73.28369,7.397510529,40.82175064,895
100,FC_15,FC,FC,NE,USA,NAM,44.10018,-73.28369,7.397510529,40.82175064,895
101,FC_19,FC,FC,NE,USA,NAM,44.10018,-73.28369,7.397510529,40.82175064,895
102,FC_2,FC,FC,NE,USA,NAM,44.10018,-73.28369,7.397510529,40.82175064,895
103,FC_20,FC,FC,NE,USA,NAM,44.10018,-73.28369,7.397510529,40.82175064,895
104,FC_21,FC,FC,NE,USA,NAM,44.10018,-73.28369,7.397510529,40.82175064,895
105,FC_22,FC,FC,NE,USA,NAM,44.10018,-73.28369,7.397510529,40.82175064,895
106,FC_23,FC,FC,NE,USA,NAM,44.10018,-73.28369,7.397510529,40.82175064,895
107,FC_24,FC,FC,NE,USA,NAM,44.10018,-73.28369,7.397510529,40.82175064,895
108,FC_25,FC,FC,NE,USA,NAM,44.10018,-73.28369,7.397510529,40.82175064,895
109,FC_3,FC,FC,NE,USA,NAM,44.10018,-73.28369,7.397510529,40.82175064,895
110,FC_5,FC,FC,NE,USA,NAM,44.10018,-73.28369,7.397510529,40.82175064,895
111,FC_6,FC,FC,NE,USA,NAM,44.10018,-73.28369,7.397510529,40.82175064,895
112,FC_8,FC,FC,NE,USA,NAM,44.10018,-73.28369,7.397510529,40.82175064,895
113,FC_9,FC,FC,NE,USA,NAM,44.10018,-73.28369,7.397510529,40.82175064,895
114,FL_1,FL,FL,NE,USA,NAM,42.52917,-76.77743,8.007552147,36.14725113,913
115,FL_10,FL,FL,NE,USA,NAM,42.52917,-76.77743,8.007552147,36.14725113,913
116,FL_11,FL,FL,NE,USA,NAM,42.52917,-76.77743,8.007552147,36.14725113,913
117,FL_12,FL,FL,NE,USA,NAM,42.52917,-76.77743,8.007552147,36.14725113,913
118,FL_13,FL,FL,NE,USA,NAM,42.52917,-76.77743,8.007552147,36.14725113,913
119,FL_14,FL,FL,NE,USA,NAM,42.52917,-76.77743,8.007552147,36.14725113,913
120,FL_15,FL,FL,NE,USA,NAM,42.52917,-76.77743,8.007552147,36.14725113,913
121,FL_16,FL,FL,NE,USA,NAM,42.52917,-76.77743,8.007552147,36.14725113,913
122,FL_17,FL,FL,NE,USA,NAM,42.52917,-76.77743,8.007552147,36.14725113,913
123,FL_18,FL,FL,NE,USA,NAM,42.52917,-76.77743,8.007552147,36.14725113,913
124,FL_19,FL,FL,NE,USA,NAM,42.52917,-76.77743,8.007552147,36.14725113,913
125,FL_2,FL,FL,NE,USA,NAM,42.52917,-76.77743,8.007552147,36.14725113,913
126,FL_20,FL,FL,NE,USA,NAM,42.52917,-76.77743,8.007552147,36.14725113,913
127,FL_3,FL,FL,NE,USA,NAM,42.52917,-76.77743,8.007552147,36.14725113,913
128,FL_4,FL,FL,NE,USA,NAM,42.52917,-76.77743,8.007552147,36.14725113,913
129,FL_5,FL,FL,NE,USA,NAM,42.52917,-76.77743,8.007552147,36.14725113,913
130,FL_6,FL,FL,NE,USA,NAM,42.52917,-76.77743,8.007552147,36.14725113,913
131,FL_7,FL,FL,NE,USA,NAM,42.52917,-76.77743,8.007552147,36.14725113,913
132,FL_8,FL,FL,NE,USA,NAM,42.52917,-76.77743,8.007552147,36.14725113,913
133,FL_9,FL,FL,NE,USA,NAM,42.52917,-76.77743,8.007552147,36.14725113,913
134,FP_1,FP,FP,NE,USA,NAM,42.90015,-74.74652,7.261426926,38.63525009,1060
135,FP_11,FP,FP,NE,USA,NAM,42.90015,-74.74652,7.261426926,38.63525009,1060
136,FP_12,FP,FP,NE,USA,NAM,42.90015,-74.74652,7.261426926,38.63525009,1060
137,FP_14,FP,FP,NE,USA,NAM,42.90015,-74.74652,7.261426926,38.63525009,1060
138,FP_16,FP,FP,NE,USA,NAM,42.90015,-74.74652,7.261426926,38.63525009,1060
139,FP_17,FP,FP,NE,USA,NAM,42.90015,-74.74652,7.261426926,38.63525009,1060
140,FP_2,FP,FP,NE,USA,NAM,42.90015,-74.74652,7.261426926,38.63525009,1060
141,FP_3,FP,FP,NE,USA,NAM,42.90015,-74.74652,7.261426926,38.63525009,1060
142,FP_4,FP,FP,NE,USA,NAM,42.90015,-74.74652,7.261426926,38.63525009,1060
143,FP_5,FP,FP,NE,USA,NAM,42.90015,-74.74652,7.261426926,38.63525009,1060
144,FP_6,FP,FP,NE,USA,NAM,42.90015,-74.74652,7.261426926,38.63525009,1060
145,FP_8,FP,FP,NE,USA,NAM,42.90015,-74.74652,7.261426926,38.63525009,1060
146,FR1_11,FR,FR1,WEU,France,EU,45.771267,5.190267,11.25148964,26.97324944,980
147,FR1_13,FR,FR1,WEU,France,EU,45.771267,5.190267,11.25148964,26.97324944,980
148,FR1_14,FR,FR1,WEU,France,EU,45.771267,5.190267,11.25148964,26.97324944,980
149,FR1_15,FR,FR1,WEU,France,EU,45.771267,5.190267,11.25148964,26.97324944,980
150,FR1_16,FR,FR1,WEU,France,EU,45.771267,5.190267,11.25148964,26.97324944,980
151,FR1_4,FR,FR1,WEU,France,EU,45.771267,5.190267,11.25148964,26.97324944,980
152,FR1_5,FR,FR1,WEU,France,EU,45.771267,5.190267,11.25148964,26.97324944,980
153,FR1_9,FR,FR1,WEU,France,EU,45.771267,5.190267,11.25148964,26.97324944,980
154,FR2_11,FR,FR2,WEU,France,EU,45.493017,5.382683,10.33210468,27.67275047,1053
155,FR2_14,FR,FR2,WEU,France,EU,45.493017,5.382683,10.33210468,27.67275047,1053
156,FR2_7,FR,FR2,WEU,France,EU,45.493017,5.382683,10.33210468,27.67275047,1053
157,FR2_8,FR,FR2,WEU,France,EU,45.493017,5.382683,10.33210468,27.67275047,1053
158,FR2_9,FR,FR2,WEU,France,EU,45.493017,5.382683,10.33210468,27.67275047,1053
159,FR3_5,FR,FR3,WEU,France,EU,45.406583,5.42325,10.33210468,27.67275047,1053
160,FR3_8,FR,FR3,WEU,France,EU,45.406583,5.42325,10.33210468,27.67275047,1053
161,FR4_10,FR,FR4,WEU,France,EU,45.58315,6.136583,8.544395447,27.14500046,1180
162,FR4_5,FR,FR4,WEU,France,EU,45.58315,6.136583,8.544395447,27.14500046,1180
163,FR5_11,FR,FR5,WEU,France,EU,45.8904,6.7987,4.358333111,24.48600006,1475
164,FR5_12,FR,FR5,WEU,France,EU,45.8904,6.7987,4.358333111,24.48600006,1475
165,FR5_4,FR,FR5,WEU,France,EU,45.8904,6.7987,4.358333111,24.48600006,1475
166,FR5_5,FR,FR5,WEU,France,EU,45.8904,6.7987,4.358333111,24.48600006,1475
167,FR6_7,FR,FR6,WEU,France,EU,45.923056,6.869722,-0.567447901,21.3579998,1458
168,FR6B_10,FR,FR6,WEU,France,EU,45.9242,6.87825,-0.567447901,21.3579998,1458
169,FR6B_11,FR,FR6,WEU,France,EU,45.9242,6.87825,-0.567447901,21.3579998,1458
170,FR6B_8,FR,FR6,WEU,France,EU,45.9242,6.87825,-0.567447901,21.3579998,1458
171,FR6B_9,FR,FR6,WEU,France,EU,45.9242,6.87825,-0.567447901,21.3579998,1458
172,GER1_12,GER,GER1,CEU,Germany,EU,48.571533,8.961183,8.525801659,26.17300034,806
173,GER1_9,GER,GER1,CEU,Germany,EU,48.571533,8.961183,8.525801659,26.17300034,806
174,GER2A_10,GER,GER2,CEU,Germany,EU,48.45415,8.413517,7.550885201,24.50325012,1430
175,GER2A_14,GER,GER2,CEU,Germany,EU,48.45415,8.413517,7.550885201,24.50325012,1430
176,GER2A_16,GER,GER2,CEU,Germany,EU,48.45415,8.413517,7.550885201,24.50325012,1430
177,GER2B_12,GER,GER2,CEU,Germany,EU,48.45255,8.409367,7.550885201,24.50325012,1430
178,GER2B_14,GER,GER2,CEU,Germany,EU,48.45255,8.409367,7.550885201,24.50325012,1430
179,GER2B_8,GER,GER2,CEU,Germany,EU,48.45255,8.409367,7.550885201,24.50325012,1430
180,GER2B_9,GER,GER2,CEU,Germany,EU,48.45255,8.409367,7.550885201,24.50325012,1430
181,GER3_11,GER,GER3,CEU,Germany,EU,48.623283,8.6401,7.652739525,24.87100029,1263
182,GER3_14,GER,GER3,CEU,Germany,EU,48.623283,8.6401,7.652739525,24.87100029,1263
183,GER3_16,GER,GER3,CEU,Germany,EU,48.623283,8.6401,7.652739525,24.87100029,1263
184,GER3_4,GER,GER3,CEU,Germany,EU,48.623283,8.6401,7.652739525,24.87100029,1263
185,GER3_5,GER,GER3,CEU,Germany,EU,48.623283,8.6401,7.652739525,24.87100029,1263
186,GER3_6,GER,GER3,CEU,Germany,EU,48.623283,8.6401,7.652739525,24.87100029,1263
187,GER4_1,GER,GER4,CEU,Germany,EU,48.624617,8.640133,7.652739525,24.87100029,1263
188,GER4_13,GER,GER4,CEU,Germany,EU,48.624617,8.640133,7.652739525,24.87100029,1263
189,GER4_14,GER,GER4,CEU,Germany,EU,48.624617,8.640133,7.652739525,24.87100029,1263
190,GER4_15,GER,GER4,CEU,Germany,EU,48.624617,8.640133,7.652739525,24.87100029,1263
191,GER4_16,GER,GER4,CEU,Germany,EU,48.624617,8.640133,7.652739525,24.87100029,1263
192,GER4_2,GER,GER4,CEU,Germany,EU,48.624617,8.640133,7.652739525,24.87100029,1263
193,GER4_4,GER,GER4,CEU,Germany,EU,48.624617,8.640133,7.652739525,24.87100029,1263
194,GER4_6,GER,GER4,CEU,Germany,EU,48.624617,8.640133,7.652739525,24.87100029,1263
195,GER4_9,GER,GER4,CEU,Germany,EU,48.624617,8.640133,7.652739525,24.87100029,1263
196,GER5_1,GER,GER5,CEU,Germany,EU,48.717633,8.424333,7.875020981,23.87350082,1518
197,GER5_15,GER,GER5,CEU,Germany,EU,48.717633,8.424333,7.875020981,23.87350082,1518
198,GER5_2,GER,GER5,CEU,Germany,EU,48.717633,8.424333,7.875020981,23.87350082,1518
199,GER5_3,GER,GER5,CEU,Germany,EU,48.717633,8.424333,7.875020981,23.87350082,1518
200,GER5_4,GER,GER5,CEU,Germany,EU,48.717633,8.424333,7.875020981,23.87350082,1518
201,GER5_6,GER,GER5,CEU,Germany,EU,48.717633,8.424333,7.875020981,23.87350082,1518
202,GER5_7,GER,GER5,CEU,Germany,EU,48.717633,8.424333,7.875020981,23.87350082,1518
203,GER6_1,GER,GER6,CEU,Germany,EU,48.7259,8.542067,7.526562691,23.80650139,1374
204,GER6_14,GER,GER6,CEU,Germany,EU,48.7259,8.542067,7.526562691,23.80650139,1374
205,GER6_17,GER,GER6,CEU,Germany,EU,48.7259,8.542067,7.526562691,23.80650139,1374
206,GER6_2,GER,GER6,CEU,Germany,EU,48.7259,8.542067,7.526562691,23.80650139,1374
207,GER6_20,GER,GER6,CEU,Germany,EU,48.7259,8.542067,7.526562691,23.80650139,1374
208,GER6_3,GER,GER6,CEU,Germany,EU,48.7259,8.542067,7.526562691,23.80650139,1374
209,GER6_6,GER,GER6,CEU,Germany,EU,48.7259,8.542067,7.526562691,23.80650139,1374
210,GER6_9,GER,GER6,CEU,Germany,EU,48.7259,8.542067,7.526562691,23.80650139,1374
211,GER7_10,GER,GER7,CEU,Germany,EU,50.2345,7.4944,9.308843613,24.41124916,667
212,GER7_2,GER,GER7,CEU,Germany,EU,50.2345,7.4944,9.308843613,24.41124916,667
213,GER7_3,GER,GER7,CEU,Germany,EU,50.2345,7.4944,9.308843613,24.41124916,667
214,GER7_4,GER,GER7,CEU,Germany,EU,50.2345,7.4944,9.308843613,24.41124916,667
215,GER7_8,GER,GER7,CEU,Germany,EU,50.2345,7.4944,9.308843613,24.41124916,667
216,GER7_9,GER,GER7,CEU,Germany,EU,50.2345,7.4944,9.308843613,24.41124916,667
217,GER8_1,GER,GER8,CEU,Germany,EU,50.033967,7.103017,8.878832817,23.78649902,778
218,GER8_15,GER,GER8,CEU,Germany,EU,50.033967,7.103017,8.878832817,23.78649902,778
219,GER8_2,GER,GER8,CEU,Germany,EU,50.033967,7.103017,8.878832817,23.78649902,778
220,GER8_3,GER,GER8,CEU,Germany,EU,50.033967,7.103017,8.878832817,23.78649902,778
221,GER8_4,GER,GER8,CEU,Germany,EU,50.033967,7.103017,8.878832817,23.78649902,778
222,GER8_5,GER,GER8,CEU,Germany,EU,50.033967,7.103017,8.878832817,23.78649902,778
223,GER8_9,GER,GER8,CEU,Germany,EU,50.033967,7.103017,8.878832817,23.78649902,778
224,HL_1,HL,HL,PNW,USA,NAM,45.909633,-122.616945,10.13164616,25.35700035,1915
225,HL_13,HL,HL,PNW,USA,NAM,45.909633,-122.616945,10.13164616,25.35700035,1915
226,HL_18,HL,HL,PNW,USA,NAM,45.909633,-122.616945,10.13164616,25.35700035,1915
227,HL_3,HL,HL,PNW,USA,NAM,45.909633,-122.616945,10.13164616,25.35700035,1915
228,HL_4,HL,HL,PNW,USA,NAM,45.909633,-122.616945,10.13164616,25.35700035,1915
229,HO_11,HO,HO,PNW,USA,NAM,44.224196,-123.511671,9.888688087,22.81100082,2227
230,HO_13,HO,HO,PNW,USA,NAM,44.224196,-123.511671,9.888688087,22.81100082,2227
231,HO_15,HO,HO,PNW,USA,NAM,44.224196,-123.511671,9.888688087,22.81100082,2227
232,HO_5,HO,HO,PNW,USA,NAM,44.224196,-123.511671,9.888688087,22.81100082,2227
233,HO_8,HO,HO,PNW,USA,NAM,44.224196,-123.511671,9.888688087,22.81100082,2227
234,HR_12,HR,HR,PNW,USA,NAM,45.661346,-121.586227,8.960531235,29.31674957,1166
235,HR_2,HR,HR,PNW,USA,NAM,45.661346,-121.586227,8.960531235,29.31674957,1166
236,HR_3,HR,HR,PNW,USA,NAM,45.661346,-121.586227,8.960531235,29.31674957,1166
237,HR_7,HR,HR,PNW,USA,NAM,45.661346,-121.586227,8.960531235,29.31674957,1166
238,HV_1,HV,HV,NE,USA,NAM,44.66431,-73.19869,7.307374954,39.40874863,819
239,HV_11,HV,HV,NE,USA,NAM,44.66431,-73.19869,7.307374954,39.40874863,819
240,HV_12,HV,HV,NE,USA,NAM,44.66431,-73.19869,7.307374954,39.40874863,819
241,HV_13,HV,HV,NE,USA,NAM,44.66431,-73.19869,7.307374954,39.40874863,819
242,HV_14,HV,HV,NE,USA,NAM,44.66431,-73.19869,7.307374954,39.40874863,819
243,HV_15,HV,HV,NE,USA,NAM,44.66431,-73.19869,7.307374954,39.40874863,819
244,HV_16,HV,HV,NE,USA,NAM,44.66431,-73.19869,7.307374954,39.40874863,819
245,HV_18,HV,HV,NE,USA,NAM,44.66431,-73.19869,7.307374954,39.40874863,819
246,HV_2,HV,HV,NE,USA,NAM,44.66431,-73.19869,7.307374954,39.40874863,819
247,HV_20,HV,HV,NE,USA,NAM,44.66431,-73.19869,7.307374954,39.40874863,819
248,HV_21,HV,HV,NE,USA,NAM,44.66431,-73.19869,7.307374954,39.40874863,819
249,HV_3,HV,HV,NE,USA,NAM,44.66431,-73.19869,7.307374954,39.40874863,819
250,HV_4,HV,HV,NE,USA,NAM,44.66431,-73.19869,7.307374954,39.40874863,819
251,HV_5,HV,HV,NE,USA,NAM,44.66431,-73.19869,7.307374954,39.40874863,819
252,HV_7,HV,HV,NE,USA,NAM,44.66431,-73.19869,7.307374954,39.40874863,819
253,HV_8,HV,HV,NE,USA,NAM,44.66431,-73.19869,7.307374954,39.40874863,819
254,HV_9,HV,HV,NE,USA,NAM,44.66431,-73.19869,7.307374954,39.40874863,819
255,IC_1,IC,IC,PNW,USA,NAM,48.23527778,-123.5772222,9.466492653,19.90833473,1014
256,IC_14,IC,IC,PNW,USA,NAM,48.23527778,-123.5772222,9.466492653,19.90833473,1014
257,IC_15,IC,IC,PNW,USA,NAM,48.23527778,-123.5772222,9.466492653,19.90833473,1014
258,IC_4,IC,IC,PNW,USA,NAM,48.23527778,-123.5772222,9.466492653,19.90833473,1014
259,IC_7,IC,IC,PNW,USA,NAM,48.23527778,-123.5772222,9.466492653,19.90833473,1014
260,IC_9,IC,IC,PNW,USA,NAM,48.23527778,-123.5772222,9.466492653,19.90833473,1014
261,IL_1,IL,IL,PNW,USA,NAM,47.168389,-123.113595,10.26370144,23.88493538,1546
262,IL_15,IL,IL,PNW,USA,NAM,47.168389,-123.113595,10.26370144,23.88493538,1546
263,IL_2,IL,IL,PNW,USA,NAM,47.168389,-123.113595,10.26370144,23.88493538,1546
264,IL_4,IL,IL,PNW,USA,NAM,47.168389,-123.113595,10.26370144,23.88493538,1546
265,IL_7,IL,IL,PNW,USA,NAM,47.168389,-123.113595,10.26370144,23.88493538,1546
266,JC_1,JC,JC,PNW,USA,NAM,48.16472222,-123.2997222,8.944802284,21.30594063,1056
267,JC_14,JC,JC,PNW,USA,NAM,48.16472222,-123.2997222,8.944802284,21.30594063,1056
268,JC_15,JC,JC,PNW,USA,NAM,48.16472222,-123.2997222,8.944802284,21.30594063,1056
269,JC_17,JC,JC,PNW,USA,NAM,48.16472222,-123.2997222,8.944802284,21.30594063,1056
270,JC_2,JC,JC,PNW,USA,NAM,48.16472222,-123.2997222,8.944802284,21.30594063,1056
271,JF_01,JF,JF,NE,USA,NAM,42.49807,-76.2474,7.224145889,36.10725021,1011
272,JF_08,JF,JF,NE,USA,NAM,42.49807,-76.2474,7.224145889,36.10725021,1011
273,JF_11,JF,JF,NE,USA,NAM,42.49807,-76.2474,7.224145889,36.10725021,1011
274,JF_18,JF,JF,NE,USA,NAM,42.49807,-76.2474,7.224145889,36.10725021,1011
275,JF_21,JF,JF,NE,USA,NAM,42.49807,-76.2474,7.224145889,36.10725021,1011
276,JF_25,JF,JF,NE,USA,NAM,42.49807,-76.2474,7.224145889,36.10725021,1011
277,JV_1,JV,JV,NE,USA,NAM,42.50268,-76.60673,8.419771194,35.93000031,914
278,JV_10,JV,JV,NE,USA,NAM,42.50268,-76.60673,8.419771194,35.93000031,914
279,JV_11,JV,JV,NE,USA,NAM,42.50268,-76.60673,8.419771194,35.93000031,914
280,JV_12,JV,JV,NE,USA,NAM,42.50268,-76.60673,8.419771194,35.93000031,914
281,JV_13,JV,JV,NE,USA,NAM,42.50268,-76.60673,8.419771194,35.93000031,914
282,JV_14,JV,JV,NE,USA,NAM,42.50268,-76.60673,8.419771194,35.93000031,914
283,JV_15,JV,JV,NE,USA,NAM,42.50268,-76.60673,8.419771194,35.93000031,914
284,JV_16,JV,JV,NE,USA,NAM,42.50268,-76.60673,8.419771194,35.93000031,914
285,JV_17,JV,JV,NE,USA,NAM,42.50268,-76.60673,8.419771194,35.93000031,914
286,JV_18,JV,JV,NE,USA,NAM,42.50268,-76.60673,8.419771194,35.93000031,914
287,JV_19,JV,JV,NE,USA,NAM,42.50268,-76.60673,8.419771194,35.93000031,914
288,JV_2,JV,JV,NE,USA,NAM,42.50268,-76.60673,8.419771194,35.93000031,914
289,JV_20,JV,JV,NE,USA,NAM,42.50268,-76.60673,8.419771194,35.93000031,914
290,JV_3,JV,JV,NE,USA,NAM,42.50268,-76.60673,8.419771194,35.93000031,914
291,JV_4,JV,JV,NE,USA,NAM,42.50268,-76.60673,8.419771194,35.93000031,914
292,JV_5,JV,JV,NE,USA,NAM,42.50268,-76.60673,8.419771194,35.93000031,914
293,JV_6,JV,JV,NE,USA,NAM,42.50268,-76.60673,8.419771194,35.93000031,914
294,JV_7,JV,JV,NE,USA,NAM,42.50268,-76.60673,8.419771194,35.93000031,914
295,JV_8,JV,JV,NE,USA,NAM,42.50268,-76.60673,8.419771194,35.93000031,914
296,JV_9,JV,JV,NE,USA,NAM,42.50268,-76.60673,8.419771194,35.93000031,914
297,KR_2,KR,KR,PNW,USA,NAM,44.991536,-123.051,11.25013542,26.51774979,1164
298,KR_3,KR,KR,PNW,USA,NAM,44.991536,-123.051,11.25013542,26.51774979,1164
299,KR_5,KR,KR,PNW,USA,NAM,44.991536,-123.051,11.25013542,26.51774979,1164
300,KR_6,KR,KR,PNW,USA,NAM,44.991536,-123.051,11.25013542,26.51774979,1164
301,KR_8,KR,KR,PNW,USA,NAM,44.991536,-123.051,11.25013542,26.51774979,1164
302,LH_1,LH,LH,NE,USA,NAM,42.5831,-74.27177,6.846364498,37.57149887,1028
303,LH_10,LH,LH,NE,USA,NAM,42.5831,-74.27177,6.846364498,37.57149887,1028
304,LH_11,LH,LH,NE,USA,NAM,42.5831,-74.27177,6.846364498,37.57149887,1028
305,LH_12,LH,LH,NE,USA,NAM,42.5831,-74.27177,6.846364498,37.57149887,1028
306,LH_13,LH,LH,NE,USA,NAM,42.5831,-74.27177,6.846364498,37.57149887,1028
307,LH_14,LH,LH,NE,USA,NAM,42.5831,-74.27177,6.846364498,37.57149887,1028
308,LH_16,LH,LH,NE,USA,NAM,42.5831,-74.27177,6.846364498,37.57149887,1028
309,LH_18,LH,LH,NE,USA,NAM,42.5831,-74.27177,6.846364498,37.57149887,1028
310,LH_19,LH,LH,NE,USA,NAM,42.5831,-74.27177,6.846364498,37.57149887,1028
311,LH_20,LH,LH,NE,USA,NAM,42.5831,-74.27177,6.846364498,37.57149887,1028
312,LH_3,LH,LH,NE,USA,NAM,42.5831,-74.27177,6.846364498,37.57149887,1028
313,LH_4,LH,LH,NE,USA,NAM,42.5831,-74.27177,6.846364498,37.57149887,1028
314,LH_5,LH,LH,NE,USA,NAM,42.5831,-74.27177,6.846364498,37.57149887,1028
315,LH_7,LH,LH,NE,USA,NAM,42.5831,-74.27177,6.846364498,37.57149887,1028
316,LH_8,LH,LH,NE,USA,NAM,42.5831,-74.27177,6.846364498,37.57149887,1028
317,LUX1_11,LUX,LUX1,CEU,Luxembourg,EU,49.61855,6.1393,9.220864296,24.26574898,866
318,LUX1_14,LUX,LUX1,CEU,Luxembourg,EU,49.61855,6.1393,9.220864296,24.26574898,866
319,LUX1_15,LUX,LUX1,CEU,Luxembourg,EU,49.61855,6.1393,9.220864296,24.26574898,866
320,LUX1_17,LUX,LUX1,CEU,Luxembourg,EU,49.61855,6.1393,9.220864296,24.26574898,866
321,LUX1_19,LUX,LUX1,CEU,Luxembourg,EU,49.61855,6.1393,9.220864296,24.26574898,866
322,LUX1_2,LUX,LUX1,CEU,Luxembourg,EU,49.61855,6.1393,9.220864296,24.26574898,866
323,LUX1_20,LUX,LUX1,CEU,Luxembourg,EU,49.61855,6.1393,9.220864296,24.26574898,866
324,LUX1_3,LUX,LUX1,CEU,Luxembourg,EU,49.61855,6.1393,9.220864296,24.26574898,866
325,LUX1_4,LUX,LUX1,CEU,Luxembourg,EU,49.61855,6.1393,9.220864296,24.26574898,866
326,LUX1_5,LUX,LUX1,CEU,Luxembourg,EU,49.61855,6.1393,9.220864296,24.26574898,866
327,LUX1_6,LUX,LUX1,CEU,Luxembourg,EU,49.61855,6.1393,9.220864296,24.26574898,866
328,LUX1_7,LUX,LUX1,CEU,Luxembourg,EU,49.61855,6.1393,9.220864296,24.26574898,866
329,LUX1_8,LUX,LUX1,CEU,Luxembourg,EU,49.61855,6.1393,9.220864296,24.26574898,866
330,LUX1_9,LUX,LUX1,CEU,Luxembourg,EU,49.61855,6.1393,9.220864296,24.26574898,866
331,MC_1,MC,MC,NE,USA,NAM,42.54553,-76.26913,7.277510166,36.39450073,1012
332,MC_10,MC,MC,NE,USA,NAM,42.54553,-76.26913,7.277510166,36.39450073,1012
333,MC_11,MC,MC,NE,USA,NAM,42.54553,-76.26913,7.277510166,36.39450073,1012
334,MC_12,MC,MC,NE,USA,NAM,42.54553,-76.26913,7.277510166,36.39450073,1012
335,MC_13,MC,MC,NE,USA,NAM,42.54553,-76.26913,7.277510166,36.39450073,1012
336,MC_14,MC,MC,NE,USA,NAM,42.54553,-76.26913,7.277510166,36.39450073,1012
337,MC_15,MC,MC,NE,USA,NAM,42.54553,-76.26913,7.277510166,36.39450073,1012
338,MC_16,MC,MC,NE,USA,NAM,42.54553,-76.26913,7.277510166,36.39450073,1012
339,MC_17,MC,MC,NE,USA,NAM,42.54553,-76.26913,7.277510166,36.39450073,1012
340,MC_18,MC,MC,NE,USA,NAM,42.54553,-76.26913,7.277510166,36.39450073,1012
341,MC_19,MC,MC,NE,USA,NAM,42.54553,-76.26913,7.277510166,36.39450073,1012
342,MC_2,MC,MC,NE,USA,NAM,42.54553,-76.26913,7.277510166,36.39450073,1012
343,MC_20,MC,MC,NE,USA,NAM,42.54553,-76.26913,7.277510166,36.39450073,1012
344,MC_3,MC,MC,NE,USA,NAM,42.54553,-76.26913,7.277510166,36.39450073,1012
345,MC_4,MC,MC,NE,USA,NAM,42.54553,-76.26913,7.277510166,36.39450073,1012
346,MC_5,MC,MC,NE,USA,NAM,42.54553,-76.26913,7.277510166,36.39450073,1012
347,MC_6,MC,MC,NE,USA,NAM,42.54553,-76.26913,7.277510166,36.39450073,1012
348,MC_7,MC,MC,NE,USA,NAM,42.54553,-76.26913,7.277510166,36.39450073,1012
349,MC_8,MC,MC,NE,USA,NAM,42.54553,-76.26913,7.277510166,36.39450073,1012
350,MC_9,MC,MC,NE,USA,NAM,42.54553,-76.26913,7.277510166,36.39450073,1012
351,MP_1,MP,MP,NE,USA,NAM,42.46377,-76.37228,7.792302132,36.44924927,963
352,MP_10,MP,MP,NE,USA,NAM,42.46377,-76.37228,7.792302132,36.44924927,963
353,MP_11,MP,MP,NE,USA,NAM,42.46377,-76.37228,7.792302132,36.44924927,963
354,MP_12,MP,MP,NE,USA,NAM,42.46377,-76.37228,7.792302132,36.44924927,963
355,MP_13,MP,MP,NE,USA,NAM,42.46377,-76.37228,7.792302132,36.44924927,963
356,MP_14,MP,MP,NE,USA,NAM,42.46377,-76.37228,7.792302132,36.44924927,963
357,MP_15,MP,MP,NE,USA,NAM,42.46377,-76.37228,7.792302132,36.44924927,963
358,MP_16,MP,MP,NE,USA,NAM,42.46377,-76.37228,7.792302132,36.44924927,963
359,MP_17,MP,MP,NE,USA,NAM,42.46377,-76.37228,7.792302132,36.44924927,963
360,MP_18,MP,MP,NE,USA,NAM,42.46377,-76.37228,7.792302132,36.44924927,963
361,MP_19,MP,MP,NE,USA,NAM,42.46377,-76.37228,7.792302132,36.44924927,963
362,MP_2,MP,MP,NE,USA,NAM,42.46377,-76.37228,7.792302132,36.44924927,963
363,MP_20,MP,MP,NE,USA,NAM,42.46377,-76.37228,7.792302132,36.44924927,963
364,MP_3,MP,MP,NE,USA,NAM,42.46377,-76.37228,7.792302132,36.44924927,963
365,MP_4,MP,MP,NE,USA,NAM,42.46377,-76.37228,7.792302132,36.44924927,963
366,MP_5,MP,MP,NE,USA,NAM,42.46377,-76.37228,7.792302132,36.44924927,963
367,MP_6,MP,MP,NE,USA,NAM,42.46377,-76.37228,7.792302132,36.44924927,963
368,MP_7,MP,MP,NE,USA,NAM,42.46377,-76.37228,7.792302132,36.44924927,963
369,MP_8,MP,MP,NE,USA,NAM,42.46377,-76.37228,7.792302132,36.44924927,963
370,MP_9,MP,MP,NE,USA,NAM,42.46377,-76.37228,7.792302132,36.44924927,963
371,NOR1_1,NOR,NOR1,NEU,Norway,EU,61.184167,7.233467,3.954118967,21.08596039,1147
372,NOR1_11,NOR,NOR1,NEU,Norway,EU,61.184167,7.233467,3.954118967,21.08596039,1147
373,NOR1_12,NOR,NOR1,NEU,Norway,EU,61.184167,7.233467,3.954118967,21.08596039,1147
374,NOR1_2,NOR,NOR1,NEU,Norway,EU,61.184167,7.233467,3.954118967,21.08596039,1147
375,NOR1_3,NOR,NOR1,NEU,Norway,EU,61.184167,7.233467,3.954118967,21.08596039,1147
376,NOR1_6,NOR,NOR1,NEU,Norway,EU,61.184167,7.233467,3.954118967,21.08596039,1147
377,NOR1_7,NOR,NOR1,NEU,Norway,EU,61.184167,7.233467,3.954118967,21.08596039,1147
378,NOR1_9,NOR,NOR1,NEU,Norway,EU,61.184167,7.233467,3.954118967,21.08596039,1147
379,NOR2_1,NOR,NOR2,NEU,Norway,EU,59.206117,10.37815,6.960141659,25.407547,801
380,NOR2_11,NOR,NOR2,NEU,Norway,EU,59.206117,10.37815,6.960141659,25.407547,801
381,NOR2_3,NOR,NOR2,NEU,Norway,EU,59.206117,10.37815,6.960141659,25.407547,801
382,NOR2_6,NOR,NOR2,NEU,Norway,EU,59.206117,10.37815,6.960141659,25.407547,801
383,NOR2_9,NOR,NOR2,NEU,Norway,EU,59.206117,10.37815,6.960141659,25.407547,801
384,NOR3_1,NOR,NOR3,NEU,Norway,EU,59.20055,10.3779,6.960141659,25.407547,801
385,NOR3_10,NOR,NOR3,NEU,Norway,EU,59.20055,10.3779,6.960141659,25.407547,801
386,NOR3_13,NOR,NOR3,NEU,Norway,EU,59.20055,10.3779,6.960141659,25.407547,801
387,NOR3_15,NOR,NOR3,NEU,Norway,EU,59.20055,10.3779,6.960141659,25.407547,801
388,NOR3_16,NOR,NOR3,NEU,Norway,EU,59.20055,10.3779,6.960141659,25.407547,801
389,NOR3_3,NOR,NOR3,NEU,Norway,EU,59.20055,10.3779,6.960141659,25.407547,801
390,NOR3_8,NOR,NOR3,NEU,Norway,EU,59.20055,10.3779,6.960141659,25.407547,801
391,NOR3_9,NOR,NOR3,NEU,Norway,EU,59.20055,10.3779,6.960141659,25.407547,801
392,NOR4_1,NOR,NOR4,NEU,Norway,EU,59.4305,10.458133,6.631933212,26.04858398,833
393,NOR4_11,NOR,NOR4,NEU,Norway,EU,59.4305,10.458133,6.631933212,26.04858398,833
394,NOR4_14,NOR,NOR4,NEU,Norway,EU,59.4305,10.458133,6.631933212,26.04858398,833
395,NOR4_3,NOR,NOR4,NEU,Norway,EU,59.4305,10.458133,6.631933212,26.04858398,833
396,NOR4_4,NOR,NOR4,NEU,Norway,EU,59.4305,10.458133,6.631933212,26.04858398,833
397,NOR4_6,NOR,NOR4,NEU,Norway,EU,59.4305,10.458133,6.631933212,26.04858398,833
398,NOR5_11,NOR,NOR5,NEU,Norway,EU,59.435433,10.494067,6.631933212,26.04858398,833
399,NOR5_15,NOR,NOR5,NEU,Norway,EU,59.435433,10.494067,6.631933212,26.04858398,833
400,NOR5_3,NOR,NOR5,NEU,Norway,EU,59.435433,10.494067,6.631933212,26.04858398,833
401,NOR5_5,NOR,NOR5,NEU,Norway,EU,59.435433,10.494067,6.631933212,26.04858398,833
402,NOR5_6,NOR,NOR5,NEU,Norway,EU,59.435433,10.494067,6.631933212,26.04858398,833
403,NOR6_1,NOR,NOR6,NEU,Norway,EU,59.42845,10.64315,6.692572594,26.40869522,795
404,NOR6_2,NOR,NOR6,NEU,Norway,EU,59.42845,10.64315,6.692572594,26.40869522,795
405,NOR6_7,NOR,NOR6,NEU,Norway,EU,59.42845,10.64315,6.692572594,26.40869522,795
406,NOR6_8,NOR,NOR6,NEU,Norway,EU,59.42845,10.64315,6.692572594,26.40869522,795
407,NOR7_1,NOR,NOR7,NEU,Norway,EU,59.1219,10.57,7.816666603,21.54999924,665
408,NOR7_10,NOR,NOR7,NEU,Norway,EU,59.1219,10.57,7.816666603,21.54999924,665
409,NOR7_14,NOR,NOR7,NEU,Norway,EU,59.1219,10.57,7.816666603,21.54999924,665
410,NOR7_16,NOR,NOR7,NEU,Norway,EU,59.1219,10.57,7.816666603,21.54999924,665
411,NOR7_3,NOR,NOR7,NEU,Norway,EU,59.1219,10.57,7.816666603,21.54999924,665
412,NOR7_4,NOR,NOR7,NEU,Norway,EU,59.1219,10.57,7.816666603,21.54999924,665
413,NOR7_5,NOR,NOR7,NEU,Norway,EU,59.1219,10.57,7.816666603,21.54999924,665
414,NOR8_10,NOR,NOR8,NEU,Norway,EU,59.55275,10.441783,6.006446362,26.3032608,843
415,NOR8_13,NOR,NOR8,NEU,Norway,EU,59.55275,10.441783,6.006446362,26.3032608,843
416,NOR8_15,NOR,NOR8,NEU,Norway,EU,59.55275,10.441783,6.006446362,26.3032608,843
417,NOR8_3,NOR,NOR8,NEU,Norway,EU,59.55275,10.441783,6.006446362,26.3032608,843
418,NOR8_4,NOR,NOR8,NEU,Norway,EU,59.55275,10.441783,6.006446362,26.3032608,843
419,NOR8_9,NOR,NOR8,NEU,Norway,EU,59.55275,10.441783,6.006446362,26.3032608,843
420,NOR9_10,NOR,NOR9,NEU,Norway,EU,59.55275,10.441783,6.006446362,26.3032608,843
421,NOR9_11,NOR,NOR9,NEU,Norway,EU,59.55275,10.441783,6.006446362,26.3032608,843
422,NOR9_16,NOR,NOR9,NEU,Norway,EU,59.55275,10.441783,6.006446362,26.3032608,843
423,NOR9_4,NOR,NOR9,NEU,Norway,EU,59.55275,10.441783,6.006446362,26.3032608,843
424,NOR9_5,NOR,NOR9,NEU,Norway,EU,59.55275,10.441783,6.006446362,26.3032608,843
425,NOR9_6,NOR,NOR9,NEU,Norway,EU,59.55275,10.441783,6.006446362,26.3032608,843
426,NOR9_7,NOR,NOR9,NEU,Norway,EU,59.55275,10.441783,6.006446362,26.3032608,843
427,OE_1,OE,OE,PNW,USA,NAM,45.315821,-122.677707,11.57677078,26.22949982,1078
428,OE_10,OE,OE,PNW,USA,NAM,45.315821,-122.677707,11.57677078,26.22949982,1078
429,OE_2,OE,OE,PNW,USA,NAM,45.315821,-122.677707,11.57677078,26.22949982,1078
430,OE_7,OE,OE,PNW,USA,NAM,45.315821,-122.677707,11.57677078,26.22949982,1078
431,PR_10,PR,PR,NE,USA,NAM,44.50658,-72.97207,5.775541782,40.05324936,1069
432,PR_11,PR,PR,NE,USA,NAM,44.50658,-72.97207,5.775541782,40.05324936,1069
433,PR_12,PR,PR,NE,USA,NAM,44.50658,-72.97207,5.775541782,40.05324936,1069
434,PR_14,PR,PR,NE,USA,NAM,44.50658,-72.97207,5.775541782,40.05324936,1069
435,PR_15,PR,PR,NE,USA,NAM,44.50658,-72.97207,5.775541782,40.05324936,1069
436,PR_16,PR,PR,NE,USA,NAM,44.50658,-72.97207,5.775541782,40.05324936,1069
437,PR_18,PR,PR,NE,USA,NAM,44.50658,-72.97207,5.775541782,40.05324936,1069
438,PR_19,PR,PR,NE,USA,NAM,44.50658,-72.97207,5.775541782,40.05324936,1069
439,PR_2,PR,PR,NE,USA,NAM,44.50658,-72.97207,5.775541782,40.05324936,1069
440,PR_20,PR,PR,NE,USA,NAM,44.50658,-72.97207,5.775541782,40.05324936,1069
441,PR_21,PR,PR,NE,USA,NAM,44.50658,-72.97207,5.775541782,40.05324936,1069
442,PR_22,PR,PR,NE,USA,NAM,44.50658,-72.97207,5.775541782,40.05324936,1069
443,PR_3,PR,PR,NE,USA,NAM,44.50658,-72.97207,5.775541782,40.05324936,1069
444,PR_4,PR,PR,NE,USA,NAM,44.50658,-72.97207,5.775541782,40.05324936,1069
445,PR_6,PR,PR,NE,USA,NAM,44.50658,-72.97207,5.775541782,40.05324936,1069
446,PR_7,PR,PR,NE,USA,NAM,44.50658,-72.97207,5.775541782,40.05324936,1069
447,PR_9,PR,PR,NE,USA,NAM,44.50658,-72.97207,5.775541782,40.05324936,1069
448,RM_1,RM,RM,NE,USA,NAM,44.42362,-73.00874,6.672947884,40.35099792,965
449,RM_10,RM,RM,NE,USA,NAM,44.42362,-73.00874,6.672947884,40.35099792,965
450,RM_11,RM,RM,NE,USA,NAM,44.42362,-73.00874,6.672947884,40.35099792,965
451,RM_12,RM,RM,NE,USA,NAM,44.42362,-73.00874,6.672947884,40.35099792,965
452,RM_13B,RM,RM,NE,USA,NAM,44.42362,-73.00874,6.672947884,40.35099792,965
453,RM_15,RM,RM,NE,USA,NAM,44.42362,-73.00874,6.672947884,40.35099792,965
454,RM_16,RM,RM,NE,USA,NAM,44.42362,-73.00874,6.672947884,40.35099792,965
455,RM_2,RM,RM,NE,USA,NAM,44.42362,-73.00874,6.672947884,40.35099792,965
456,RM_3,RM,RM,NE,USA,NAM,44.42362,-73.00874,6.672947884,40.35099792,965
457,RM_4,RM,RM,NE,USA,NAM,44.42362,-73.00874,6.672947884,40.35099792,965
458,RM_5,RM,RM,NE,USA,NAM,44.42362,-73.00874,6.672947884,40.35099792,965
459,RM_51,RM,RM,NE,USA,NAM,44.42362,-73.00874,6.672947884,40.35099792,965
460,RM_52,RM,RM,NE,USA,NAM,44.42362,-73.00874,6.672947884,40.35099792,965
461,RM_53,RM,RM,NE,USA,NAM,44.42362,-73.00874,6.672947884,40.35099792,965
462,RM_54,RM,RM,NE,USA,NAM,44.42362,-73.00874,6.672947884,40.35099792,965
463,RM_56,RM,RM,NE,USA,NAM,44.42362,-73.00874,6.672947884,40.35099792,965
464,RM_6B,RM,RM,NE,USA,NAM,44.42362,-73.00874,6.672947884,40.35099792,965
465,SE_11,SE,SE,PNW,USA,NAM,42.27916,-123.641852,11.55343723,29.98324966,1360
466,SE_12,SE,SE,PNW,USA,NAM,42.27916,-123.641852,11.55343723,29.98324966,1360
467,SE_13,SE,SE,PNW,USA,NAM,42.27916,-123.641852,11.55343723,29.98324966,1360
468,SE_14,SE,SE,PNW,USA,NAM,42.27916,-123.641852,11.55343723,29.98324966,1360
469,SE_15,SE,SE,PNW,USA,NAM,42.27916,-123.641852,11.55343723,29.98324966,1360
470,SH_10,SH,SH,NE,USA,NAM,44.67213,-73.33817,7.020750046,39.93025208,757
471,SH_14,SH,SH,NE,USA,NAM,44.67213,-73.33817,7.020750046,39.93025208,757
472,SH_15,SH,SH,NE,USA,NAM,44.67213,-73.33817,7.020750046,39.93025208,757
473,SH_18,SH,SH,NE,USA,NAM,44.67213,-73.33817,7.020750046,39.93025208,757
474,SH_19,SH,SH,NE,USA,NAM,44.67213,-73.33817,7.020750046,39.93025208,757
475,SH_2,SH,SH,NE,USA,NAM,44.67213,-73.33817,7.020750046,39.93025208,757
476,SH_20,SH,SH,NE,USA,NAM,44.67213,-73.33817,7.020750046,39.93025208,757
477,SH_21,SH,SH,NE,USA,NAM,44.67213,-73.33817,7.020750046,39.93025208,757
478,SH_23,SH,SH,NE,USA,NAM,44.67213,-73.33817,7.020750046,39.93025208,757
479,SH_24,SH,SH,NE,USA,NAM,44.67213,-73.33817,7.020750046,39.93025208,757
480,SH_25,SH,SH,NE,USA,NAM,44.67213,-73.33817,7.020750046,39.93025208,757
481,SH_26,SH,SH,NE,USA,NAM,44.67213,-73.33817,7.020750046,39.93025208,757
482,SH_4,SH,SH,NE,USA,NAM,44.67213,-73.33817,7.020750046,39.93025208,757
483,SH_5,SH,SH,NE,USA,NAM,44.67213,-73.33817,7.020750046,39.93025208,757
484,SH_6,SH,SH,NE,USA,NAM,44.67213,-73.33817,7.020750046,39.93025208,757
485,SH_7,SH,SH,NE,USA,NAM,44.67213,-73.33817,7.020750046,39.93025208,757
486,SH_9,SH,SH,NE,USA,NAM,44.67213,-73.33817,7.020750046,39.93025208,757
487,SP1_10,SP_EU,SP1,SEU,Spain,EU,43.535813,-6.06979,13.00925922,17.23703575,1003
488,SP1_11,SP_EU,SP1,SEU,Spain,EU,43.535813,-6.06979,13.00925922,17.23703575,1003
489,SP1_15,SP_EU,SP1,SEU,Spain,EU,43.535813,-6.06979,13.00925922,17.23703575,1003
490,SP1_16,SP_EU,SP1,SEU,Spain,EU,43.535813,-6.06979,13.00925922,17.23703575,1003
491,SP1_3,SP_EU,SP1,SEU,Spain,EU,43.535813,-6.06979,13.00925922,17.23703575,1003
492,SP1_4,SP_EU,SP1,SEU,Spain,EU,43.535813,-6.06979,13.00925922,17.23703575,1003
493,SP1_5,SP_EU,SP1,SEU,Spain,EU,43.535813,-6.06979,13.00925922,17.23703575,1003
494,SP2_10,SP_EU,SP2,SEU,Spain,EU,43.536733,-6.520533,13.16032696,17.81071472,1058
495,SP2_11,SP_EU,SP2,SEU,Spain,EU,43.536733,-6.520533,13.16032696,17.81071472,1058
496,SP2_12,SP_EU,SP2,SEU,Spain,EU,43.536733,-6.520533,13.16032696,17.81071472,1058
497,SP2_16,SP_EU,SP2,SEU,Spain,EU,43.536733,-6.520533,13.16032696,17.81071472,1058
498,SP2_17,SP_EU,SP2,SEU,Spain,EU,43.536733,-6.520533,13.16032696,17.81071472,1058
499,SP2_2,SP_EU,SP2,SEU,Spain,EU,43.536733,-6.520533,13.16032696,17.81071472,1058
500,SP2_6,SP_EU,SP2,SEU,Spain,EU,43.536733,-6.520533,13.16032696,17.81071472,1058
501,SP2_9,SP_EU,SP2,SEU,Spain,EU,43.536733,-6.520533,13.16032696,17.81071472,1058
502,SP3_1,SP_EU,SP3,SEU,Spain,EU,43.51665,-6.723967,13.51922226,17.82866669,1058
503,SP3_10,SP_EU,SP3,SEU,Spain,EU,43.51665,-6.723967,13.51922226,17.82866669,1058
504,SP3_15,SP_EU,SP3,SEU,Spain,EU,43.51665,-6.723967,13.51922226,17.82866669,1058
505,SP3_5,SP_EU,SP3,SEU,Spain,EU,43.51665,-6.723967,13.51922226,17.82866669,1058
506,SP3_7,SP_EU,SP3,SEU,Spain,EU,43.51665,-6.723967,13.51922226,17.82866669,1058
507,SP4_12,SP_EU,SP4,SEU,Spain,EU,43.025217,-5.825167,9.599843979,22.76774979,1009
508,SP4_3,SP_EU,SP4,SEU,Spain,EU,43.025217,-5.825167,9.599843979,22.76774979,1009
509,SP5_12,SP_EU,SP5,SEU,Spain,EU,42.938767,-5.270633,8.793426514,25.59549904,845
510,SP5_16,SP_EU,SP5,SEU,Spain,EU,42.938767,-5.270633,8.793426514,25.59549904,845
511,SP6_11,SP_EU,SP6,SEU,Spain,EU,43.11975,-5.017083,8.166510582,23.73474884,955
512,SP6_2,SP_EU,SP6,SEU,Spain,EU,43.11975,-5.017083,8.166510582,23.73474884,955
513,SP6_5,SP_EU,SP6,SEU,Spain,EU,43.11975,-5.017083,8.166510582,23.73474884,955
514,SP6_8,SP_EU,SP6,SEU,Spain,EU,43.11975,-5.017083,8.166510582,23.73474884,955
515,SP6_9,SP_EU,SP6,SEU,Spain,EU,43.11975,-5.017083,8.166510582,23.73474884,955
516,SP_1,SP_NA,SP,NE,USA,NAM,44.36105,-73.19783,7.520614624,38.90125275,848
517,SP_14,SP_NA,SP,NE,USA,NAM,44.36105,-73.19783,7.520614624,38.90125275,848
518,SP_16,SP_NA,SP,NE,USA,NAM,44.36105,-73.19783,7.520614624,38.90125275,848
519,SP_18,SP_NA,SP,NE,USA,NAM,44.36105,-73.19783,7.520614624,38.90125275,848
520,SP_1B,SP_NA,SP,NE,USA,NAM,44.36105,-73.19783,7.520614624,38.90125275,848
521,SP_20,SP_NA,SP,NE,USA,NAM,44.36105,-73.19783,7.520614624,38.90125275,848
522,SP_2B,SP_NA,SP,NE,USA,NAM,44.36105,-73.19783,7.520614624,38.90125275,848
523,SP_3,SP_NA,SP,NE,USA,NAM,44.36105,-73.19783,7.520614624,38.90125275,848
524,SP_3B,SP_NA,SP,NE,USA,NAM,44.36105,-73.19783,7.520614624,38.90125275,848
525,SP_4,SP_NA,SP,NE,USA,NAM,44.36105,-73.19783,7.520614624,38.90125275,848
526,SP_4B,SP_NA,SP,NE,USA,NAM,44.36105,-73.19783,7.520614624,38.90125275,848
527,SP_5B,SP_NA,SP,NE,USA,NAM,44.36105,-73.19783,7.520614624,38.90125275,848
528,SP_6B,SP_NA,SP,NE,USA,NAM,44.36105,-73.19783,7.520614624,38.90125275,848
529,SP_7,SP_NA,SP,NE,USA,NAM,44.36105,-73.19783,7.520614624,38.90125275,848
530,SP_7B,SP_NA,SP,NE,USA,NAM,44.36105,-73.19783,7.520614624,38.90125275,848
531,SP_8B,SP_NA,SP,NE,USA,NAM,44.36105,-73.19783,7.520614624,38.90125275,848
532,SP_9B,SP_NA,SP,NE,USA,NAM,44.36105,-73.19783,7.520614624,38.90125275,848
533,SW1_1,SW ,SW1,WEU,Switzerland,EU,46.08005,7.032767,5.954978943,24.84499931,1235
534,SW1_10,SW ,SW1,WEU,Switzerland,EU,46.08005,7.032767,5.954978943,24.84499931,1235
535,SW1_11,SW ,SW1,WEU,Switzerland,EU,46.08005,7.032767,5.954978943,24.84499931,1235
536,SW1_12,SW ,SW1,WEU,Switzerland,EU,46.08005,7.032767,5.954978943,24.84499931,1235
537,SW1_13,SW ,SW1,WEU,Switzerland,EU,46.08005,7.032767,5.954978943,24.84499931,1235
538,SW1_14,SW ,SW1,WEU,Switzerland,EU,46.08005,7.032767,5.954978943,24.84499931,1235
539,SW1_15,SW ,SW1,WEU,Switzerland,EU,46.08005,7.032767,5.954978943,24.84499931,1235
540,SW1_16,SW ,SW1,WEU,Switzerland,EU,46.08005,7.032767,5.954978943,24.84499931,1235
541,SW1_17,SW ,SW1,WEU,Switzerland,EU,46.08005,7.032767,5.954978943,24.84499931,1235
542,SW1_2,SW ,SW1,WEU,Switzerland,EU,46.08005,7.032767,5.954978943,24.84499931,1235
543,SW1_3,SW ,SW1,WEU,Switzerland,EU,46.08005,7.032767,5.954978943,24.84499931,1235
544,SW1_4,SW ,SW1,WEU,Switzerland,EU,46.08005,7.032767,5.954978943,24.84499931,1235
545,SW1_5,SW ,SW1,WEU,Switzerland,EU,46.08005,7.032767,5.954978943,24.84499931,1235
546,SW1_6,SW ,SW1,WEU,Switzerland,EU,46.08005,7.032767,5.954978943,24.84499931,1235
547,SW1_7,SW ,SW1,WEU,Switzerland,EU,46.08005,7.032767,5.954978943,24.84499931,1235
548,SW1_8,SW ,SW1,WEU,Switzerland,EU,46.08005,7.032767,5.954978943,24.84499931,1235
549,SW1_9,SW ,SW1,WEU,Switzerland,EU,46.08005,7.032767,5.954978943,24.84499931,1235
550,TH_10B,TH,TH,NE,USA,NAM,44.37105,-72.30404,4.617010593,40.70300293,1148
551,TH_11B,TH,TH,NE,USA,NAM,44.37105,-72.30404,4.617010593,40.70300293,1148
552,TH_12B,TH,TH,NE,USA,NAM,44.37105,-72.30404,4.617010593,40.70300293,1148
553,TH_13B,TH,TH,NE,USA,NAM,44.37105,-72.30404,4.617010593,40.70300293,1148
554,TH_14B,TH,TH,NE,USA,NAM,44.37105,-72.30404,4.617010593,40.70300293,1148
555,TH_15B,TH,TH,NE,USA,NAM,44.37105,-72.30404,4.617010593,40.70300293,1148
556,TH_16B,TH,TH,NE,USA,NAM,44.37105,-72.30404,4.617010593,40.70300293,1148
557,TH_17B,TH,TH,NE,USA,NAM,44.37105,-72.30404,4.617010593,40.70300293,1148
558,TH_18B,TH,TH,NE,USA,NAM,44.37105,-72.30404,4.617010593,40.70300293,1148
559,TH_19B,TH,TH,NE,USA,NAM,44.37105,-72.30404,4.617010593,40.70300293,1148
560,TH_1B,TH,TH,NE,USA,NAM,44.37105,-72.30404,4.617010593,40.70300293,1148
561,TH_20B,TH,TH,NE,USA,NAM,44.37105,-72.30404,4.617010593,40.70300293,1148
562,TH_21B,TH,TH,NE,USA,NAM,44.37105,-72.30404,4.617010593,40.70300293,1148
563,TH_5B,TH,TH,NE,USA,NAM,44.37105,-72.30404,4.617010593,40.70300293,1148
564,TH_6B,TH,TH,NE,USA,NAM,44.37105,-72.30404,4.617010593,40.70300293,1148
565,TH_7B,TH,TH,NE,USA,NAM,44.37105,-72.30404,4.617010593,40.70300293,1148
566,TH_8B,TH,TH,NE,USA,NAM,44.37105,-72.30404,4.617010593,40.70300293,1148
567,TH_A1,TH,TH,NE,USA,NAM,44.37105,-72.30404,4.617010593,40.70300293,1148
568,TR_1,TR,TR,PNW,USA,NAM,48.94619,-122.35244,10.12876034,24.32825089,1273
569,TR_10,TR,TR,PNW,USA,NAM,48.94619,-122.35244,10.12876034,24.32825089,1273
570,TR_11,TR,TR,PNW,USA,NAM,48.94619,-122.35244,10.12876034,24.32825089,1273
571,TR_12,TR,TR,PNW,USA,NAM,48.94619,-122.35244,10.12876034,24.32825089,1273
572,TR_2,TR,TR,PNW,USA,NAM,48.94619,-122.35244,10.12876034,24.32825089,1273
573,TR_4,TR,TR,PNW,USA,NAM,48.94619,-122.35244,10.12876034,24.32825089,1273
574,TR_6,TR,TR,PNW,USA,NAM,48.94619,-122.35244,10.12876034,24.32825089,1273
575,TR_7,TR,TR,PNW,USA,NAM,48.94619,-122.35244,10.12876034,24.32825089,1273
576,TR_9,TR,TR,PNW,USA,NAM,48.94619,-122.35244,10.12876034,24.32825089,1273
577,WC_1,WC,WC,PNW,USA,NAM,47.241995,-120.696261,6.380260468,32.44324875,769
578,WC_11,WC,WC,PNW,USA,NAM,47.241995,-120.696261,6.380260468,32.44324875,769
579,WC_16,WC,WC,PNW,USA,NAM,47.241995,-120.696261,6.380260468,32.44324875,769
580,WC_8,WC,WC,PNW,USA,NAM,47.241995,-120.696261,6.380260468,32.44324875,769
581,WC_9,WC,WC,PNW,USA,NAM,47.241995,-120.696261,6.380260468,32.44324875,769
582,WE_11,WE,WE,PNW,USA,NAM,43.19861111,-123.8413889,11.13013554,22.70050049,1650
583,WE_12,WE,WE,PNW,USA,NAM,43.19861111,-123.8413889,11.13013554,22.70050049,1650
584,WE_5,WE,WE,PNW,USA,NAM,43.19861111,-123.8413889,11.13013554,22.70050049,1650
585,WE_7,WE,WE,PNW,USA,NAM,43.19861111,-123.8413889,11.13013554,22.70050049,1650
586,WF_1,WF,WF,PNW,USA,NAM,43.760685,-122.527138,9.239427567,27.06299973,1635
587,WF_2,WF,WF,PNW,USA,NAM,43.760685,-122.527138,9.239427567,27.06299973,1635
588,WF_4,WF,WF,PNW,USA,NAM,43.760685,-122.527138,9.239427567,27.06299973,1635
589,WF_5,WF,WF,PNW,USA,NAM,43.760685,-122.527138,9.239427567,27.06299973,1635
590,WF_6,WF,WF,PNW,USA,NAM,43.760685,-122.527138,9.239427567,27.06299973,1635
591,WL_1,WL,WL,PNW,USA,NAM,46.501054,-122.936935,10.3765831,24.67949867,1350
592,WL_2,WL,WL,PNW,USA,NAM,46.501054,-122.936935,10.3765831,24.67949867,1350
593,WL_3,WL,WL,PNW,USA,NAM,46.501054,-122.936935,10.3765831,24.67949867,1350
594,WL_6,WL,WL,PNW,USA,NAM,46.501054,-122.936935,10.3765831,24.67949867,1350
595,WL_8,WL,WL,PNW,USA,NAM,46.501054,-122.936935,10.3765831,24.67949867,1350
596,WR_10,WR,WR,NE,USA,NAM,44.46829,-73.17772,7.520614624,38.90125275,848
597,WR_11,WR,WR,NE,USA,NAM,44.46829,-73.17772,7.520614624,38.90125275,848
598,WR_12,WR,WR,NE,USA,NAM,44.46829,-73.17772,7.520614624,38.90125275,848
599,WR_13,WR,WR,NE,USA,NAM,44.46829,-73.17772,7.520614624,38.90125275,848
600,WR_14,WR,WR,NE,USA,NAM,44.46829,-73.17772,7.520614624,38.90125275,848
601,WR_16,WR,WR,NE,USA,NAM,44.46829,-73.17772,7.520614624,38.90125275,848
602,WR_17,WR,WR,NE,USA,NAM,44.46829,-73.17772,7.520614624,38.90125275,848
603,WR_18,WR,WR,NE,USA,NAM,44.46829,-73.17772,7.520614624,38.90125275,848
604,WR_2,WR,WR,NE,USA,NAM,44.46829,-73.17772,7.520614624,38.90125275,848
605,WR_21B,WR,WR,NE,USA,NAM,44.46829,-73.17772,7.520614624,38.90125275,848
606,WR_3,WR,WR,NE,USA,NAM,44.46829,-73.17772,7.520614624,38.90125275,848
607,WR_4,WR,WR,NE,USA,NAM,44.46829,-73.17772,7.520614624,38.90125275,848
608,WR_6B,WR,WR,NE,USA,NAM,44.46829,-73.17772,7.520614624,38.90125275,848
609,WR_7,WR,WR,NE,USA,NAM,44.46829,-73.17772,7.520614624,38.90125275,848
610,WR_8,WR,WR,NE,USA,NAM,44.46829,-73.17772,7.520614624,38.90125275,848
611,WR_Q,WR,WR,NE,USA,NAM,44.46829,-73.17772,7.520614624,38.90125275,848
612,WR_R,WR,WR,NE,USA,NAM,44.46829,-73.17772,7.520614624,38.90125275,848
613,WR_X,WR,WR,NE,USA,NAM,44.46829,-73.17772,7.520614624,38.90125275,848
614,WR_Y,WR,WR,NE,USA,NAM,44.46829,-73.17772,7.520614624,38.90125275,848
615,WR_Z,WR,WR,NE,USA,NAM,44.46829,-73.17772,7.520614624,38.90125275,848
616,WV_10,WV,WV,NE,USA,NAM,42.29273,-76.38383,7.659979343,36.49625015,967
617,WV_11,WV,WV,NE,USA,NAM,42.29273,-76.38383,7.659979343,36.49625015,967
618,WV_12,WV,WV,NE,USA,NAM,42.29273,-76.38383,7.659979343,36.49625015,967
619,WV_13,WV,WV,NE,USA,NAM,42.29273,-76.38383,7.659979343,36.49625015,967
620,WV_14,WV,WV,NE,USA,NAM,42.29273,-76.38383,7.659979343,36.49625015,967
621,WV_15,WV,WV,NE,USA,NAM,42.29273,-76.38383,7.659979343,36.49625015,967
622,WV_16,WV,WV,NE,USA,NAM,42.29273,-76.38383,7.659979343,36.49625015,967
623,WV_2,WV,WV,NE,USA,NAM,42.29273,-76.38383,7.659979343,36.49625015,967
624,WV_20,WV,WV,NE,USA,NAM,42.29273,-76.38383,7.659979343,36.49625015,967
625,WV_3,WV,WV,NE,USA,NAM,42.29273,-76.38383,7.659979343,36.49625015,967
626,WV_4,WV,WV,NE,USA,NAM,42.29273,-76.38383,7.659979343,36.49625015,967
627,WV_7,WV,WV,NE,USA,NAM,42.29273,-76.38383,7.659979343,36.49625015,967
628,WV_8,WV,WV,NE,USA,NAM,42.29273,-76.38383,7.659979343,36.49625015,967
629,WV_9,WV,WV,NE,USA,NAM,42.29273,-76.38383,7.659979343,36.49625015,967
